{
  "mae": 6.5922465324401855,
  "rmse": 8.050332069396973,
  "correlation": 0.5427682206909606,
  "mean_age_gap": -3.2907445430755615,
  "inference_time_ms": 0.03332924842834473
}